threads,increments_per_thread,mutex_ms,mutex_eb_ms,cas_ms,cas_eb_ms,fetch_add_ms
1,100000,1.4426,1.2271,1.317,1.1341,0.6582
2,100000,6.0422,16.401,9.7184,10.5097,2.8339
4,100000,9.8206,74.0522,31.9014,44.6386,5.7606
8,100000,30.8565,272.5,81.1071,113.405,13.4886
12,100000,72.8714,693.294,177.374,207.37,24.5336
16,100000,104.535,1321.66,315.945,369.95,32.9896
20,100000,129.38,1811.22,432.145,496.476,52.2399
1,100000,2.762,2.7918,2.0452,1.996,1.2595
2,100000,8.2262,22.2992,15.7358,13.2074,5.4257
4,100000,12.2027,79.2039,34.5595,31.8761,4.9894
8,100000,40.7617,320.019,96.774,110.028,18.3153
12,100000,82.7227,730.583,206.124,248.711,32.2924
16,100000,120.715,1940.44,366.79,400.217,66.0219
20,100000,148.053,2752.32,760.982,816.634,80.1626
1,100000,2.3026,3.1796,2.4904,4.2471,1.4758
2,100000,11.2927,24.0467,5.6459,9.6454,6.3452
4,100000,11.1969,108.732,54.2351,67.0286,12.1956
8,100000,38.1022,465.007,186.379,172.187,24.2775
12,100000,108.449,1303.87,395.815,362.744,49.1282
16,100000,211.862,1891.32,631.331,806.405,55.7877
20,100000,132.36,2594.39,764.221,795.519,77.4657
1,100000,3.7336,2.8238,3.1935,2.4715,1.483
2,100000,7.3441,23.8489,21.8467,8.7776,7.034
4,100000,15.7937,124.744,58.5748,50.4064,10.2589
8,100000,37.5923,465.228,116.756,175.793,28.2971
12,100000,88.226,948.018,338.06,356.483,37.1183
16,100000,124.716,1802.63,489.789,545.901,44.5316
20,100000,138.03,2791.19,760.847,768.494,80.1343
1,100000,2.7278,2.6836,2.0792,2.1142,1.0796
2,100000,9.539,19.4697,13.8683,11.098,4.5411
4,100000,14.5385,106.591,50.367,41.2491,11.9944
8,100000,37.2055,469.433,145.691,164.412,26.3501
12,100000,74.5873,1111.32,390.67,390.585,49.8064
16,100000,108.471,2007.04,613.879,638.125,63.6069
20,100000,163.646,2549.14,781.896,824.724,73.1653
1,100000,4.6154,5.3844,2.7089,3.6917,2.2332
2,100000,8.4004,15.3309,8.9459,8.8837,3.2662
4,100000,13.324,105.653,40.6643,42.0011,13.7735
8,100000,47.9906,488.228,144.345,174.173,30.1235
12,100000,91.4538,1186.8,382.147,368.851,32.6774
16,100000,91.6917,1942.52,602.059,660.039,64.8199
20,100000,146.509,2534.95,797.895,817.116,69.3017
1,100000,4.8406,4.8807,3.4633,3.3727,2.0893
2,100000,6.81,22.2049,24.3175,9.5911,4.6296
4,100000,12.5693,112.895,46.3659,57.0835,11.9012
8,100000,36.2696,474.29,145.379,176.567,21.6155
12,100000,97.3548,1182.2,346.853,376.923,34.0017
16,100000,130.574,2032.06,566.174,658.832,64.4509
20,100000,151.571,2648.83,791.461,803.924,74.6246
1,100000,4.5025,4.6106,1.7759,2.5949,2.0402
2,100000,12.4702,29.0964,23.8209,14.58,4.073
4,100000,11.9421,103.033,45.4668,47.8985,8.4591
8,100000,39.0746,458.027,154.558,178.162,29.7426
12,100000,68.3762,1185.82,380.855,382.219,39.2489
16,100000,123.63,2036.83,640.128,633.967,64.1848
20,100000,149.784,2634.4,798.448,792.38,59.5199
1,100000,2.6245,1.9274,1.4395,2.0749,0.8469
2,100000,6.6724,27.0336,13.7493,9.516,5.0323
4,100000,11.6342,86.0776,44.4305,46.6141,10.3603
8,100000,44.9109,324.176,110.965,107.798,21.2939
12,100000,92.6982,907.236,225.959,226.405,33.7773
16,100000,136.81,1692.85,372.889,417.048,49.3658
20,100000,172.579,2252.39,594.817,653.906,58.9644
1,100000,1.5785,1.6256,1.4148,1.3541,1.0129
2,100000,6.702,21.0122,12.8058,16.0912,3.7553
4,100000,10.3985,85.8369,43.931,42.6795,9.1232
8,100000,40.252,327.345,102.904,100.242,19.6793
12,100000,62.432,1143.96,256.165,295.137,55.2408
16,100000,115.319,2032.35,666.511,680.412,62.0495
20,100000,125.474,2717.64,803.047,800.628,78.9904
1,100000,2.575,2.4414,2.0632,2.0944,1.0149
2,100000,8.4538,28.7032,20.5646,11.2572,7.1226
4,100000,13.578,119.74,47.4803,46.1434,12.1501
8,100000,42.6331,478.127,173.616,201.806,16.1171
12,100000,75.5976,1087.24,353.062,390.711,37.7146
16,100000,144.575,2013.92,611.763,681.463,63.8886
20,100000,160.105,2679.54,796.068,770.453,74.913
1,100000,4.7296,5.2218,3.5478,3.0979,1.6778
2,100000,8.0338,24.1011,23.7289,16.8244,4.4926
4,100000,12.3452,98.595,49.0245,54.4177,8.3142
8,100000,37.3168,476.521,143.285,168.101,24.3961
12,100000,64.6454,1101.67,324.12,349.223,42.8992
16,100000,126.782,2076.31,632.541,640.957,51.4244
20,100000,170.838,2654.47,808.306,782.85,76.0724
1,100000,4.7755,4.599,3.4613,3.6631,2.4224
2,100000,11.0778,31.7636,26.1745,17.7549,5.1221
4,100000,13.5626,103.03,50.3016,61.658,10.7638
8,100000,46.7667,400.291,143.069,138.056,20.768
12,100000,61.4049,1135.56,287.535,361.559,30.7896
16,100000,125.411,1903.35,622.985,676.845,62.9256
20,100000,170.054,2609.28,780.391,783.496,75.4235
1,100000,2.7839,2.7481,2.3149,2.3003,1.4201
2,100000,8.7105,24.8234,12.4381,10.1403,6.0707
4,100000,13.3912,103.65,45.6953,52.8624,8.8593
8,100000,38.5827,473.236,157.18,157.234,23.33
12,100000,83.5466,1188.32,355,370.346,42.127
16,100000,106.358,2091.97,660.068,671.071,63.3524
20,100000,150.723,2650.82,743.084,773.595,73.554
1,100000,4.8773,3.4714,2.7566,2.4238,1.3577
2,100000,9.5313,22.9241,21.9449,10.6178,7.381
4,100000,15.2179,143.628,41.3293,52.5003,12.273
8,100000,41.3222,458.17,180.571,170.534,23.6666
12,100000,58.8033,1060.42,359.807,398.074,42.8002
16,100000,88.1861,2013.79,649.392,664.97,65.3112
20,100000,164.009,2751.97,817.71,784.155,71.9664
1,100000,4.1911,4.1726,3.4127,3.1122,2.1062
2,100000,10.5602,38.5764,22.2288,13.6374,9.4189
4,100000,10.9691,98.4103,58.6689,56.4062,8.6969
8,100000,39.9325,405.503,127.463,168.348,23.5329
12,100000,63.7411,1133.61,357.455,404.553,41.6439
16,100000,130.478,1937.03,648.317,643.687,59.3838
20,100000,127.731,2664.52,815.46,791.479,72.1459
1,100000,2.3693,2.3326,1.9955,2.5132,1.2514
2,100000,7.8623,19.0576,4.8401,14.6542,6.699
4,100000,11.7944,110.885,35.5399,47.7264,10.1263
8,100000,39.6564,435.922,134.633,162.487,22.2934
12,100000,64.1628,1097.11,314.603,345.484,47.334
16,100000,91.305,1940.31,649.848,634.63,54.3651
20,100000,155.218,2751.48,821.045,746.767,77.8501
1,100000,4.0586,4.7131,1.8248,1.8463,2.0433
2,100000,9.9948,22.8553,19.7314,12.8302,6.1044
4,100000,15.3608,92.3641,49.923,59.196,9.2144
8,100000,46.3667,476.296,137.782,183.37,31.1102
12,100000,69.8887,986.264,292.788,309.055,31.3404
16,100000,119.963,1969.58,577.435,633.67,63.816
20,100000,125.028,2635.36,798.212,770.156,77.0847
1,100000,2.4869,2.4343,3.3781,2.1723,1.197
2,100000,11.718,25.9752,23.2331,9.4401,5.8566
4,100000,11.7226,80.6717,38.4712,45.7891,8.3269
8,100000,39.2566,490.449,152.109,181.03,28.8099
12,100000,86.9158,1163.62,348.58,399.991,51.1217
16,100000,78.459,2015.09,616.865,635.633,67.0474
20,100000,139.768,2585.94,873.076,796.74,73.1898
1,100000,2.9761,4.8352,1.6857,1.9071,2.0361
2,100000,8.1367,15.9571,22.3602,9.5873,6.0985
4,100000,13.4999,94.8412,36.9358,50.7626,7.2786
8,100000,32.3165,498.415,156.78,173.349,21.013
12,100000,59.5449,1092.7,348.917,367.259,42.1859
16,100000,83.5191,2062.98,573.029,641.263,61.4307
20,100000,153.773,2523.46,739.924,603.664,79.3698